# mean, investigation_time=1.0
lon,lat,PGA-0.002105,SA(0.2)-0.002105,SA(1.0)-0.002105
-123.23738,49.27479,4.869253E-02,1.117642E-01,4.036946E-02
-123.23282,49.26162,4.849180E-02,1.113803E-01,4.022489E-02
-123.20480,49.26786,4.870535E-02,1.117065E-01,4.023897E-02
