# mean, investigation_time=1.0, imt="SA(0.2)"
lon,lat,depth,poe-0.00101972,poe-0.0101972,poe-0.017845,poe-0.0305915,poe-0.061183,poe-0.101972,poe-0.17845,poe-0.305915,poe-0.61183,poe-1.01972,poe-1.7845,poe-2.39633
-123.23738,49.27479,0.00000,2.629836E-02,1.505757E-02,1.127013E-02,7.883723E-03,4.300933E-03,2.399025E-03,1.080150E-03,4.172871E-04,9.097291E-05,2.365078E-05,4.095078E-06,1.348959E-06
-123.23282,49.26162,0.00000,2.627223E-02,1.499608E-02,1.122324E-02,7.855695E-03,4.283610E-03,2.387287E-03,1.074856E-03,4.149185E-04,8.952025E-05,2.270284E-05,3.749657E-06,1.199933E-06
-123.20480,49.26786,0.00000,2.624610E-02,1.492656E-02,1.116956E-02,7.814166E-03,4.274781E-03,2.395173E-03,1.084199E-03,4.217289E-04,9.397053E-05,2.534347E-05,4.678330E-06,1.609333E-06
