# mean, investigation_time=1.0, imt="SA(1.0)"
lon,lat,depth,poe-0.00101972,poe-0.0101972,poe-0.017845,poe-0.0305915,poe-0.061183,poe-0.101972,poe-0.17845,poe-0.305915,poe-0.61183,poe-1.01972,poe-1.7845,poe-2.39633
-123.23738,49.27479,0.00000,2.189778E-02,7.813534E-03,5.064383E-03,2.988910E-03,1.244479E-03,5.512267E-04,1.889545E-04,5.662299E-05,9.162430E-06,1.783627E-06,1.773671E-07,3.381581E-08
-123.23282,49.26162,0.00000,2.186120E-02,7.792191E-03,5.045569E-03,2.975839E-03,1.238560E-03,5.482906E-04,1.874890E-04,5.569851E-05,8.742760E-06,1.640101E-06,1.544493E-07,2.832740E-08
-123.20480,49.26786,0.00000,2.181962E-02,7.780117E-03,5.041985E-03,2.975069E-03,1.240437E-03,5.517035E-04,1.910686E-04,5.838944E-05,9.880179E-06,2.014668E-06,2.131973E-07,4.386294E-08
