# mean, investigation_time=1.0, imt="PGA"
lon,lat,depth,poe-0.00101972,poe-0.0101972,poe-0.017845,poe-0.0305915,poe-0.061183,poe-0.101972,poe-0.17845,poe-0.305915,poe-0.61183,poe-1.01972,poe-1.7845,poe-2.39633
-123.23738,49.27479,0.00000,2.221771E-02,8.961538E-03,6.028314E-03,3.688772E-03,1.597954E-03,7.258927E-04,2.490624E-04,7.051080E-05,9.477846E-06,1.431552E-06,8.459769E-08,8.928177E-09
-123.23282,49.26162,0.00000,2.215158E-02,8.927994E-03,6.010361E-03,3.673821E-03,1.589265E-03,7.217111E-04,2.469950E-04,6.930007E-05,9.007295E-06,1.302543E-06,7.214037E-08,7.232385E-09
-123.20480,49.26786,0.00000,2.207889E-02,8.881883E-03,5.980067E-03,3.672703E-03,1.602138E-03,7.311979E-04,2.530123E-04,7.294734E-05,1.032311E-05,1.661581E-06,1.096785E-07,1.316389E-08
