# source_model_tree_path=('b1',), gsim_tree_path=('b12',), investigation_time=1.0
lon,lat,0.002105~PGA,0.002105~SA(0.2),0.002105~SA(1.0)
-123.23738,49.27479,4.772763E-02,1.096294E-01,3.934475E-02
-123.23282,49.26162,4.753340E-02,1.092542E-01,3.920169E-02
-123.20480,49.26786,4.775037E-02,1.095961E-01,3.921194E-02
